MotifN,Motif,Evalue,Site_uAvg,Site_MAvg,Seq_uAvg,Seq_MAvg, NP_418467.1, NP_418467.1
MEME-1,CSADDACTGTATWTAWATACAGTHHTSG,3e-160,0.4897166203657752,0.4897166203657752,0.5979419886434231,0.5979419886434231,0.4897166203657752,0.5979419886434231
MEME-2,AMMRAARAWGGGCSGKMCSGCCCWTYTTYKKT,5.9e-13,0.4101076488252512,0.4101076488252512,0.48571150102405686,0.48571150102405686,0.4101076488252512,0.48571150102405686
MEME-3,YGCACBGMNKCVGTGCR,0.0011,0.531547913230411,0.531547913230411,0.46193799170504835,0.46193799170504835,0.531547913230411,0.46193799170504835
