MotifN,Motif,Evalue,C_Fraction,C_microAvg,C_macroAvg,Site_uAvg,Site_MAvg,Seq_uAvg,Seq_MAvg
MEME-1,CSADDACTGTATWTAWATACAGTHHTSG,3e-160,1.0,0.9333333333333333,0.9333333333333333,0.4897166203657752,0.4897166203657752,0.5979419886434231,0.5979419886434231
MEME-2,AMMRAARAWGGGCSGKMCSGCCCWTYTTYKKT,5.9e-13,1.0,0.17777777777777778,0.17777777777777778,0.4101076488252512,0.4101076488252512,0.48571150102405686,0.48571150102405686
MEME-3,YGCACBGMNKCVGTGCR,0.0011,1.0,0.2,0.2,0.531547913230411,0.531547913230411,0.46193799170504835,0.46193799170504835
