MotifN,Motif,Evalue,C_Fraction,C_microAvg,C_macroAvg, NP_418467.1, NP_418467.1
MEME-1,CSADDACTGTATWTAWATACAGTHHTSG,3e-160,1.0,0.9333333333333333,0.9333333333333333,0.9333333333333333,42|45
MEME-2,AMMRAARAWGGGCSGKMCSGCCCWTYTTYKKT,5.9e-13,1.0,0.17777777777777778,0.17777777777777778,0.17777777777777778,8|45
MEME-3,YGCACBGMNKCVGTGCR,0.0011,1.0,0.2,0.2,0.2,9|45
